timestamp,invoice_id,vendor_name,recommendation,final_status,final_message,run_id,issues_found,risk_flag,human_decision,policy_text,explanation_summary,user_role,action_result
2026-04-07 01:50:59,INV1001,Alpha Energy Services,Approve for payment,APPROVED_FOR_PAYMENT,Invoice passed checks and is approved for payment.,,,,,,,,
2026-04-07 01:50:59,INV1002,BlueGrid Technologies,Send for manager approval,PENDING_MANAGER_REVIEW,Invoice requires manager approval before payment.,,,,,,,,
2026-04-07 01:50:59,INV1003,Northwind Electric,Hold and investigate vendor mapping,PENDING_MANUAL_INVESTIGATION,Invoice is on hold and requires manual investigation before any action.,,,,,,,,
2026-04-07 01:50:59,INV1004,GreenVolt Contractors,Escalate to finance operations,ESCALATED_TO_FINANCE_OPS,Invoice has critical issues and was escalated to finance operations.,,,,,,,,
2026-04-07 01:50:59,INV9999,,Check invoice ID and retry,RETRY_REQUIRED,Invoice could not be processed. Please verify invoice ID and retry.,,,,,,,,
2026-04-07 01:58:12,INV1001,Alpha Energy Services,Approve for payment,APPROVED_FOR_PAYMENT,Invoice passed checks and is approved for payment.,,,,,,,,
2026-04-07 01:58:12,INV1002,BlueGrid Technologies,Send for manager approval,PENDING_MANAGER_REVIEW,Invoice requires manager approval before payment.,,,,,,,,
2026-04-07 01:58:12,INV1003,Northwind Electric,Hold and investigate vendor mapping,PENDING_MANUAL_INVESTIGATION,Invoice is on hold and requires manual investigation before any action.,,,,,,,,
2026-04-07 01:58:12,INV1004,GreenVolt Contractors,Escalate to finance operations,ESCALATED_TO_FINANCE_OPS,Invoice has critical issues and was escalated to finance operations.,,,,,,,,
2026-04-07 01:58:12,INV9999,,Check invoice ID and retry,RETRY_REQUIRED,Invoice could not be processed. Please verify invoice ID and retry.,,,,,,,,
2026-04-07 02:04:33,INV1001,Alpha Energy Services,Approve for payment,APPROVED_FOR_PAYMENT,Invoice passed checks and is approved for payment.,,,,,,,,
2026-04-07 02:04:33,INV1002,BlueGrid Technologies,Send for manager approval,PENDING_MANAGER_REVIEW,Invoice requires manager approval before payment.,,,,,,,,
2026-04-07 02:04:33,INV1003,Northwind Electric,Hold and investigate vendor mapping,PENDING_MANUAL_INVESTIGATION,Invoice is on hold and requires manual investigation before any action.,,,,,,,,
2026-04-07 02:04:33,INV1004,GreenVolt Contractors,Escalate to finance operations,ESCALATED_TO_FINANCE_OPS,Invoice has critical issues and was escalated to finance operations.,,,,,,,,
2026-04-07 02:04:33,INV9999,,Check invoice ID and retry,RETRY_REQUIRED,Invoice could not be processed. Please verify invoice ID and retry.,,,,,,,,
2026-04-07 02:08:15,INV1001,Alpha Energy Services,Approve for payment,APPROVED_FOR_PAYMENT,Invoice passed checks and is approved for payment.,,,,,,,,
2026-04-07 02:08:16,INV1002,BlueGrid Technologies,Send for manager approval,PENDING_MANAGER_REVIEW,Invoice requires manager approval before payment.,,,,,,,,
2026-04-07 02:08:16,INV1003,Northwind Electric,Hold and investigate vendor mapping,PENDING_MANUAL_INVESTIGATION,Invoice is on hold and requires manual investigation before any action.,,,,,,,,
2026-04-07 02:08:16,INV1004,GreenVolt Contractors,Escalate to finance operations,ESCALATED_TO_FINANCE_OPS,Invoice has critical issues and was escalated to finance operations.,,,,,,,,
2026-04-07 02:08:16,INV9999,,Check invoice ID and retry,RETRY_REQUIRED,Invoice could not be processed. Please verify invoice ID and retry.,,,,,,,,
2026-04-07 02:10:52,INV1001,Alpha Energy Services,Approve for payment,APPROVED_FOR_PAYMENT,Invoice passed checks and is approved for payment.,,,,,,,,
2026-04-07 02:10:52,INV1002,BlueGrid Technologies,Send for manager approval,MANAGER_APPROVED,Manager reviewed the invoice and approved it for payment.,,,,,,,,
2026-04-07 02:10:52,INV1003,Northwind Electric,Hold and investigate vendor mapping,INVESTIGATION_RESOLVED,Manual investigation completed and the issue was resolved.,,,,,,,,
2026-04-07 02:10:52,INV1004,GreenVolt Contractors,Escalate to finance operations,ESCALATION_ACKNOWLEDGED,Finance operations acknowledged the escalation and will take corrective action.,,,,,,,,
2026-04-07 02:10:52,INV9999,,Check invoice ID and retry,RETRY_REQUIRED,Invoice could not be processed. Please verify invoice ID and retry.,,,,,,,,
2026-04-07 02:16:29,INV1001,Alpha Energy Services,Approve for payment,APPROVED_FOR_PAYMENT,Invoice passed checks and is approved for payment.,,,,,,,,
2026-04-07 02:16:29,INV1002,BlueGrid Technologies,Send for manager approval,MANAGER_APPROVED,Manager reviewed the invoice and approved it for payment.,,,,,,,,
2026-04-07 02:16:29,INV1003,Northwind Electric,Hold and investigate vendor mapping,INVESTIGATION_RESOLVED,Manual investigation completed and the issue was resolved.,,,,,,,,
2026-04-07 02:16:29,INV1004,GreenVolt Contractors,Escalate to finance operations,ESCALATION_ACKNOWLEDGED,Finance operations acknowledged the escalation and will take corrective action.,,,,,,,,
2026-04-07 02:16:29,INV9999,,Check invoice ID and retry,RETRY_REQUIRED,Invoice could not be processed. Please verify invoice ID and retry.,,,,,,,,
2026-04-07 02:28:25,INV1002,BlueGrid Technologies,Send for manager approval,PENDING_MANAGER_REVIEW,Invoice requires manager approval before payment.,,,,,,,,
2026-04-07 02:32:47,INV1002,BlueGrid Technologies,Send for manager approval,MANAGER_APPROVED,Manager reviewed the invoice and approved it for payment.,,,,,,,,
2026-04-07 03:16:27,INV1002,BlueGrid Technologies,Send for manager approval,INVALID_HUMAN_DECISION,Invalid human decision 'resolved' for recommendation 'send for manager approval',,,,,,,,
2026-04-07 03:17:29,INV1002,BlueGrid Technologies,Send for manager approval,MANAGER_APPROVED,Manager reviewed the invoice and approved it for payment.,,,,,,,,
2026-04-07 03:18:43,INV1002,BlueGrid Technologies,Send for manager approval,INVALID_HUMAN_DECISION,Invalid human decision 'resolved' for recommendation 'send for manager approval',,,,,,,,
2026-04-07 03:25:25,INV1001,Alpha Energy Services,Approve for payment,APPROVED_FOR_PAYMENT,Invoice passed checks and is approved for payment.,,,,,,,,
2026-04-07 03:27:24,INV1001,Alpha Energy Services,Approve for payment,APPROVED_FOR_PAYMENT,Invoice passed checks and is approved for payment.,,,,,,,,
2026-04-07 03:27:56,INV1002,BlueGrid Technologies,Send for manager approval,INVALID_HUMAN_DECISION,Invalid human decision 'acknowledged' for recommendation 'send for manager approval',,,,,,,,
2026-04-07 03:28:53,INV1002,BlueGrid Technologies,Send for manager approval,INVALID_HUMAN_DECISION,Invalid human decision 'resolved' for recommendation 'send for manager approval',,,,,,,,
2026-04-07 03:29:17,INV1004,GreenVolt Contractors,Escalate to finance operations,INVALID_HUMAN_DECISION,Invalid human decision 'resolved' for recommendation 'escalate to finance operations',,,,,,,,
2026-04-07 03:29:43,INV1001,Alpha Energy Services,Approve for payment,APPROVED_FOR_PAYMENT,Invoice passed checks and is approved for payment.,,,,,,,,
2026-04-07 03:36:05,INV1001,Alpha Energy Services,Approve for payment,INVALID_HUMAN_DECISION,Invalid human decision 'acknowledged' for recommendation 'approve for payment',b492f803-cd6b-475a-80b8-6eaa13f6ecca,['No major issue detected'],LOW,acknowledged,"Invoices with valid vendor master mapping, valid GL mapping, and no exception indicators can be approved for normal payment processing.","Invoice INV1001 for vendor Alpha Energy Services was evaluated by the finance operations agent. The main issues identified were: No major issue detected. The case was classified with risk level LOW. The system recommendation was: Approve for payment. The final workflow status is: INVALID_HUMAN_DECISION. Relevant finance policy states: Invoices with valid vendor master mapping, valid GL mapping, and no exception indicators can be approved for normal payment processing. Human decision recorded: acknowledged.",,
2026-04-07 03:36:29,INV1001,Alpha Energy Services,Approve for payment,INVALID_HUMAN_DECISION,Invalid human decision 'approved' for recommendation 'approve for payment',add09c27-7fc2-47e9-8ffa-a13f7a309a07,['No major issue detected'],LOW,approved,"Invoices with valid vendor master mapping, valid GL mapping, and no exception indicators can be approved for normal payment processing.","Invoice INV1001 for vendor Alpha Energy Services was evaluated by the finance operations agent. The main issues identified were: No major issue detected. The case was classified with risk level LOW. The system recommendation was: Approve for payment. The final workflow status is: INVALID_HUMAN_DECISION. Relevant finance policy states: Invoices with valid vendor master mapping, valid GL mapping, and no exception indicators can be approved for normal payment processing. Human decision recorded: approved.",,
2026-04-07 03:36:48,INV1001,Alpha Energy Services,Approve for payment,INVALID_HUMAN_DECISION,Invalid human decision 'resolved' for recommendation 'approve for payment',58b799df-076a-4de3-b870-9fc42065dda8,['No major issue detected'],LOW,resolved,"Invoices with valid vendor master mapping, valid GL mapping, and no exception indicators can be approved for normal payment processing.","Invoice INV1001 for vendor Alpha Energy Services was evaluated by the finance operations agent. The main issues identified were: No major issue detected. The case was classified with risk level LOW. The system recommendation was: Approve for payment. The final workflow status is: INVALID_HUMAN_DECISION. Relevant finance policy states: Invoices with valid vendor master mapping, valid GL mapping, and no exception indicators can be approved for normal payment processing. Human decision recorded: resolved.",,
2026-04-07 03:50:35,INV1002,BlueGrid Technologies,Send for manager approval,MANAGER_APPROVED,Manager reviewed the invoice and approved it for payment.,272a4ccd-60da-4acd-b76b-5a7b0b346197,['Invoice requires manager review'],MEDIUM,approved,Invoices above the approval threshold must be reviewed and approved by a manager before payment.,Invoice INV1002 for vendor BlueGrid Technologies was evaluated by the finance operations agent. The main issues identified were: Invoice requires manager review. The case was classified with risk level MEDIUM. The system recommendation was: Send for manager approval. The final workflow status is: MANAGER_APPROVED. Relevant finance policy states: Invoices above the approval threshold must be reviewed and approved by a manager before payment. Human decision recorded: approved.,,
2026-04-07 03:56:25,INV9999,,Check invoice ID and retry,RETRY_REQUIRED,Invoice could not be processed. Please verify invoice ID and retry.,8be2e1a1-5cf6-4b7e-ae04-dc8fcdee6297,['Invoice not found'],UNKNOWN,,"If an invoice record is not found, the invoice identifier must be verified and the request should be retried.","Invoice INV9999 for vendor None was evaluated by the finance operations agent. The main issues identified were: Invoice not found. The case was classified with risk level UNKNOWN. The system recommendation was: Check invoice ID and retry. The final workflow status is: RETRY_REQUIRED. Relevant finance policy states: If an invoice record is not found, the invoice identifier must be verified and the request should be retried. Human decision recorded: .",,
2026-04-07 04:01:41,INV1002,BlueGrid Technologies,Send for manager approval,MANAGER_APPROVED,Manager reviewed the invoice and approved it for payment.,b865eecb-784f-4ddb-989c-b679eb90a298,['Invoice requires manager review'],MEDIUM,approved,Invoices above the approval threshold must be reviewed and approved by a manager before payment.,Invoice INV1002 for vendor BlueGrid Technologies was evaluated by the finance operations agent. The main issues identified were: Invoice requires manager review. The case was classified with risk level MEDIUM. The system recommendation was: Send for manager approval. The final workflow status is: MANAGER_APPROVED. Relevant finance policy states: Invoices above the approval threshold must be reviewed and approved by a manager before payment. Human decision recorded: approved.,,
2026-04-07 09:30:15,INV1001,Alpha Energy Services,Approve for payment,APPROVED_FOR_PAYMENT,Invoice passed checks and is approved for payment.,66090b5a-f979-4bbb-ad46-7934da8bd5c1,['No major issue detected'],LOW,,"Invoices with valid vendor master mapping, valid GL mapping, and no exception indicators can be approved for normal payment processing.","Invoice INV1001 for vendor Alpha Energy Services was evaluated by the finance operations agent. The main issues identified were: No major issue detected. The case was classified with risk level LOW. The system recommendation was: Approve for payment. The final workflow status is: APPROVED_FOR_PAYMENT. Relevant finance policy states: Invoices with valid vendor master mapping, valid GL mapping, and no exception indicators can be approved for normal payment processing. Human decision recorded: .",,
2026-04-07 09:34:56,INV1002,BlueGrid Technologies,Send for manager approval,MANAGER_APPROVED,Manager reviewed the invoice and approved it for payment.,478342ad-bee9-4f2a-ace2-abc5e050dd6f,['Invoice requires manager review'],MEDIUM,approved,Invoices above the approval threshold must be reviewed and approved by a manager before payment.,Invoice INV1002 for vendor BlueGrid Technologies was evaluated by the finance operations agent. The main issues identified were: Invoice requires manager review. The case was classified with risk level MEDIUM. The system recommendation was: Send for manager approval. The final workflow status is: MANAGER_APPROVED. Relevant finance policy states: Invoices above the approval threshold must be reviewed and approved by a manager before payment. Human decision recorded: approved.,,
2026-04-07 10:19:38,INV1002,BlueGrid Technologies,Send for manager approval,PENDING_MANAGER_REVIEW,Invoice requires manager approval before payment.,1fd23728-0c51-4d70-9644-8d7f4041f785,['Invoice requires manager review'],MEDIUM,,Invoices above the approval threshold must be reviewed and approved by a manager before payment.,Invoice INV1002 for vendor BlueGrid Technologies was evaluated by the finance operations agent. The main issues identified were: Invoice requires manager review. The case was classified with risk level MEDIUM. The system recommendation was: Send for manager approval. The final workflow status is: PENDING_MANAGER_REVIEW. Relevant finance policy states: Invoices above the approval threshold must be reviewed and approved by a manager before payment. Human decision recorded: .,,
2026-04-07 10:21:00,INV1002,BlueGrid Technologies,Send for manager approval,PENDING_MANAGER_REVIEW,Invoice requires manager approval before payment.,790d03ad-5703-4130-bbf6-505592e11280,['Invoice requires manager review'],MEDIUM,,Invoices above the approval threshold must be reviewed and approved by a manager before payment.,Invoice INV1002 for vendor BlueGrid Technologies was evaluated by the finance operations agent. The main issues identified were: Invoice requires manager review. The case was classified with risk level MEDIUM. The system recommendation was: Send for manager approval. The final workflow status is: PENDING_MANAGER_REVIEW. Relevant finance policy states: Invoices above the approval threshold must be reviewed and approved by a manager before payment. Human decision recorded: .,,
2026-04-07 10:22:06,INV1002,BlueGrid Technologies,Send for manager approval,MANAGER_APPROVED,Manager reviewed the invoice and approved it for payment.,813451d3-2324-4e69-b2e3-9b7937341c64,['Invoice requires manager review'],MEDIUM,approved,Invoices above the approval threshold must be reviewed and approved by a manager before payment.,Invoice INV1002 for vendor BlueGrid Technologies was evaluated by the finance operations agent. The main issues identified were: Invoice requires manager review. The case was classified with risk level MEDIUM. The system recommendation was: Send for manager approval. The final workflow status is: MANAGER_APPROVED. Relevant finance policy states: Invoices above the approval threshold must be reviewed and approved by a manager before payment. Human decision recorded: approved.,,
2026-04-07 11:47:36,INV1002,BlueGrid Technologies,Send for manager approval,MANAGER_APPROVED,Manager reviewed the invoice and approved it for payment.,e05773e0-4cdb-46a8-b338-08cdb5e27abd,['Invoice requires manager review'],MEDIUM,approved,Invoices above the approval threshold must be reviewed and approved by a manager before payment.,Invoice INV1002 for vendor BlueGrid Technologies was evaluated by the finance operations agent. The main issues identified were: Invoice requires manager review. The case was classified with risk level MEDIUM. The system recommendation was: Send for manager approval. The final workflow status is: MANAGER_APPROVED. Relevant finance policy states: Invoices above the approval threshold must be reviewed and approved by a manager before payment. Human decision recorded: approved.,manager,
2026-04-07 11:48:44,INV1003,Northwind Electric,Hold and investigate vendor mapping,INVESTIGATION_RESOLVED,Manual investigation completed and the issue was resolved.,4f8265ae-07aa-40fc-951d-9578d5dbaa8e,"['Missing vendor_id', 'Invoice is in exception state']",HIGH,resolved,Invoices with missing vendor master mapping must be held and investigated before any approval or payment action.,"Invoice INV1003 for vendor Northwind Electric was evaluated by the finance operations agent. The main issues identified were: Missing vendor_id, Invoice is in exception state. The case was classified with risk level HIGH. The system recommendation was: Hold and investigate vendor mapping. The final workflow status is: INVESTIGATION_RESOLVED. Relevant finance policy states: Invoices with missing vendor master mapping must be held and investigated before any approval or payment action. Human decision recorded: resolved.",investigator,
2026-04-07 15:36:31,INV1002,BlueGrid Technologies,Send for manager approval,PENDING_MANAGER_REVIEW,Invoice requires manager approval before payment.,288b082c-0c33-4ffc-a1cc-fc7e14520f71,['Invoice requires manager review'],MEDIUM,,Invoices above the approval threshold must be reviewed and approved by a manager before payment.,Invoice INV1002 for vendor BlueGrid Technologies was evaluated by the finance operations agent. The main issues identified were: Invoice requires manager review. The case was classified with risk level MEDIUM. The system recommendation was: Send for manager approval. The final workflow status is: PENDING_MANAGER_REVIEW. Relevant finance policy states: Invoices above the approval threshold must be reviewed and approved by a manager before payment. Human decision recorded: .,admin,
2026-04-07 15:38:25,INV1001,Alpha Energy Services,Approve for payment,APPROVED_FOR_PAYMENT,Invoice passed checks and is approved for payment.,22e8a1d1-ef8f-4f03-9ffc-d6dff75b156b,['No major issue detected'],LOW,,"Invoices with valid vendor master mapping, valid GL mapping, and no exception indicators can be approved for normal payment processing.","Invoice INV1001 for vendor Alpha Energy Services was evaluated by the finance operations agent. The main issues identified were: No major issue detected. The case was classified with risk level LOW. The system recommendation was: Approve for payment. The final workflow status is: APPROVED_FOR_PAYMENT. Relevant finance policy states: Invoices with valid vendor master mapping, valid GL mapping, and no exception indicators can be approved for normal payment processing. Human decision recorded: .",analyst,Payment release action created for invoice INV1001
2026-04-07 15:39:37,INV1002,BlueGrid Technologies,Send for manager approval,MANAGER_APPROVED,Manager reviewed the invoice and approved it for payment.,15ee902d-f9fa-419a-bc9a-517a22ee714c,['Invoice requires manager review'],MEDIUM,approved,Invoices above the approval threshold must be reviewed and approved by a manager before payment.,Invoice INV1002 for vendor BlueGrid Technologies was evaluated by the finance operations agent. The main issues identified were: Invoice requires manager review. The case was classified with risk level MEDIUM. The system recommendation was: Send for manager approval. The final workflow status is: MANAGER_APPROVED. Relevant finance policy states: Invoices above the approval threshold must be reviewed and approved by a manager before payment. Human decision recorded: approved.,manager,Manager approval record created for invoice INV1002
2026-04-07 15:49:00,INV1002,BlueGrid Technologies,Send for manager approval,MANAGER_APPROVED,Manager reviewed the invoice and approved it for payment.,b1be2389-e44d-4747-ae48-e4fd76b44414,['Invoice requires manager review'],MEDIUM,approved,Invoices above the approval threshold must be reviewed and approved by a manager before payment.,Invoice INV1002 for vendor BlueGrid Technologies was evaluated by the finance operations agent. The main issues identified were: Invoice requires manager review. The case was classified with risk level MEDIUM. The system recommendation was: Send for manager approval. The final workflow status is: MANAGER_APPROVED. Relevant finance policy states: Invoices above the approval threshold must be reviewed and approved by a manager before payment. Human decision recorded: approved.,manager,Manager approval record created for invoice INV1002
2026-04-07 15:51:31,INV1004,GreenVolt Contractors,Escalate to finance operations,ESCALATION_ACKNOWLEDGED,Finance operations acknowledged the escalation and will take corrective action.,af0ad376-72bc-4a7a-9c33-2deeb62a04d2,"['Invalid invoice amount', 'Invoice is in exception state']",HIGH,acknowledged,Invoices with negative values are invalid and must be escalated to finance operations immediately.,"Invoice INV1004 for vendor GreenVolt Contractors was evaluated by the finance operations agent. The main issues identified were: Invalid invoice amount, Invoice is in exception state. The case was classified with risk level HIGH. The system recommendation was: Escalate to finance operations. The final workflow status is: ESCALATION_ACKNOWLEDGED. Relevant finance policy states: Invoices with negative values are invalid and must be escalated to finance operations immediately. Human decision recorded: acknowledged.",finance_ops,Finance operations escalation case created for invoice INV1004
2026-04-07 16:04:07,INV1001,Alpha Energy Services,Approve for payment,APPROVED_FOR_PAYMENT,Invoice passed checks and is approved for payment.,9e65e22c-3779-494a-9f6d-7934dc6f1db2,['No major issue detected'],LOW,,"Invoices with valid vendor master mapping, valid GL mapping, and no exception indicators can be approved for normal payment processing.","Invoice INV1001 for vendor Alpha Energy Services was evaluated by the finance operations agent. The main issues identified were: No major issue detected. The case was classified with risk level LOW. The system recommendation was: Approve for payment. The final workflow status is: APPROVED_FOR_PAYMENT. Relevant finance policy states: Invoices with valid vendor master mapping, valid GL mapping, and no exception indicators can be approved for normal payment processing. Human decision recorded: .",analyst,Payment release action created for invoice INV1001
2026-04-07 16:35:11,INV1002,BlueGrid Technologies,Send for manager approval,ACCESS_DENIED,Access denied: role 'analyst' cannot perform 'approved',500ba25e-d67a-4b70-9c04-c5789824ed69,['Invoice requires manager review'],MEDIUM,approved,Invoices above the approval threshold must be reviewed and approved by a manager before payment.,Invoice INV1002 for vendor BlueGrid Technologies was evaluated by the finance operations agent. The main issues identified were: Invoice requires manager review. The case was classified with risk level MEDIUM. The system recommendation was: Send for manager approval. The final workflow status is: ACCESS_DENIED. Relevant finance policy states: Invoices above the approval threshold must be reviewed and approved by a manager before payment. Human decision recorded: approved.,analyst,Governance alert created for invoice INV1002: Access denied: role 'analyst' cannot perform 'approved'
2026-04-07 18:57:20,INV1002,BlueGrid Technologies,Send for manager approval,MANAGER_APPROVED,Manager reviewed the invoice and approved it for payment.,28396949-9381-4918-9d25-c09034569d95,['Invoice requires manager review'],MEDIUM,approved,Invoices above the approval threshold must be reviewed and approved by a manager before payment.,Invoice INV1002 for vendor BlueGrid Technologies was evaluated by the finance operations agent. The main issues identified were: Invoice requires manager review. The case was classified with risk level MEDIUM. The system recommendation was: Send for manager approval. The final workflow status is: MANAGER_APPROVED. Relevant finance policy states: Invoices above the approval threshold must be reviewed and approved by a manager before payment. Human decision recorded: approved.,admin,Manager approval record created for invoice INV1002
